ThemeID,Category,Theme,Difficulty,ShortDescription
1,Absolute beginner declarer play,Counting winners in notrump,Beginner,Count immediate sure tricks in notrump before choosing a plan
2,Absolute beginner declarer play,Counting losers in trump contracts,Beginner,Count likely losers in a suit contract and focus on loser reduction
3,Absolute beginner declarer play,Identifying the source of extra tricks,Beginner,Decide whether extra tricks come from length finesses ruffs or endplay
4,Absolute beginner declarer play,Cashing top winners first,Beginner,Take sure winners promptly when delaying may let defenders attack your position
5,Absolute beginner declarer play,Don't take finesses you don't need,Beginner,Avoid unnecessary risks when you already have enough tricks
6,Absolute beginner declarer play,Take your sure tricks before they disappear,Beginner,Cash vulnerable winners before opponents can knock out entries or ruff
7,Absolute beginner declarer play,Recognizing immediate danger from the defense,Beginner,Spot when defenders can cash a suit or attack communications immediately
8,Absolute beginner declarer play,Make a plan before playing from dummy,Beginner,Pause at trick one and choose a line before playing automatically
9,Absolute beginner declarer play,Choosing between multiple possible plans,Beginner,Compare alternative plans and select the one with best odds or safety
10,Absolute beginner declarer play,Playing for overtricks vs just making the contract,Beginner,Adjust line depending on whether safety or extra tricks matter more
11,Basic counting themes,Counting top tricks,Beginner,Add certain winners before starting development
12,Basic counting themes,Counting missing tricks,Beginner,Estimate how many tricks still need to be developed
13,Basic counting themes,Counting the opponents' likely winners,Beginner,Estimate defenders natural tricks and urgency of your plan
14,Basic counting themes,Counting entries,Beginner,Track how many times each hand can be reached
15,Basic counting themes,Counting the hand shape,Beginner,Infer distributions from bidding and play
16,Basic counting themes,Counting missing high cards,Beginner,Track unseen honors and likely locations
17,Basic counting themes,Using the auction to place missing honors,Intermediate,Use bidding inferences to locate key cards
18,Basic counting themes,Using defender signals or play to infer distribution,Intermediate,Update shape assumptions from defensive cards
19,Basic counting themes,Counting outstanding trumps,Beginner,Track remaining enemy trumps before ruffing or drawing
20,Basic counting themes,Counting side-suit losers,Beginner,Identify side-suit danger in suit contracts
21,Entries and communications,Preserving entries to dummy,Beginner,Avoid wasting access cards needed later
22,Entries and communications,Preserving entries to hand,Beginner,Maintain access to declarer hand for later cashing or finesses
23,Entries and communications,Using an entry before it disappears,Beginner,Take needed entry while it still exists
24,Entries and communications,Creating an extra entry,Intermediate,Manufacture transportation through unblock or timing
25,Entries and communications,Avoiding blocking your own suit,Beginner,Play honors in proper order so winners can be cashed later
26,Entries and communications,Unblocking honors,Beginner,Release a high card to keep a suit running
27,Entries and communications,Transportation between hands,Beginner,Manage movement between declarer and dummy efficiently
28,Entries and communications,Rectifying communications before attacking a suit,Intermediate,Solve entry problems before establishing a long suit
29,Entries and communications,Entry shortage in notrump,Intermediate,Develop tricks while preserving scarce entries
30,Entries and communications,Entry shortage in suit contracts,Intermediate,Plan ruffs and side-suit development with limited access
31,Entries and communications,Choosing which entry to preserve,Intermediate,Decide which side entry is more valuable later
32,Entries and communications,Timing the use of entries,Intermediate,Use entries in the right sequence
33,Entries and communications,Crossing to dummy efficiently,Beginner,Reach dummy without wasting valuable cards
34,Entries and communications,Avoiding wasted entries,Beginner,Do not spend access cards on unnecessary early actions
35,Entries and communications,Managing one-entry hands,Intermediate,Handle positions where one side has only one access card
36,Finesse themes,Simple finesse,Beginner,Lead toward an honor hoping the missing higher honor is onside
37,Finesse themes,Taking a finesse toward an honor,Beginner,Execute a standard finesse from the correct side
38,Finesse themes,Repeated finesse,Intermediate,Take a finesse more than once when suit layout allows
39,Finesse themes,Two-way finesse,Intermediate,Choose which defender to finesse against
40,Finesse themes,Marked finesse from the auction,Intermediate,Use bidding to decide if finesse direction is known
41,Finesse themes,Finesse through the dangerous opponent,Intermediate,Finesse into the safe side and avoid the dangerous hand
42,Finesse themes,Avoiding a finesse because odds favor another line,Intermediate,Choose percentage or safety over a flashy finesse
43,Finesse themes,Ruffing finesse,Advanced,Use a high card threat opposite trumps to gain a trick
44,Finesse themes,Backwards finesse,Advanced,Take an unusual finesse direction based on spots and inferences
45,Finesse themes,Deep finesse,Advanced,Finesse against a lower missing honor in a complex suit
46,Finesse themes,First-round finesse,Intermediate,Take finesse immediately before revealing information or losing entry
47,Finesse themes,Second-round finesse,Intermediate,Delay finesse until after one round is played
48,Finesse themes,Delayed finesse,Intermediate,Postpone finesse until more information is available
49,Finesse themes,When not to finesse,Beginner,Reject finesse when contract is safer another way
50,Finesse themes,Finesse for the queen,Intermediate,Play a suit specifically for a missing queen
51,Finesse themes,Finesse for the jack,Intermediate,Use spot-card technique to locate or finesse a jack
52,Finesse themes,Double finesse,Advanced,Take two finesses in one suit or position
53,Finesse themes,Multiple finesse decisions in one hand,Advanced,Compare and sequence more than one finesse opportunity
54,Finesse themes,Combining a finesse with another chance,Intermediate,Use finesse as one branch of a combined line
55,Finesse themes,Finesse as safety play,Advanced,Take or avoid finesse to guard against bad breaks
56,Finesse themes,Restricted choice and the finesse decision,Advanced,Apply restricted choice to finesse or drop decisions
57,Finesse themes,Finesse after discovering defender length,Intermediate,Revise finesse direction after shape becomes known
58,Finesse themes,Finesse in trumps,Intermediate,Decide whether to finesse in the trump suit
59,Finesse themes,Avoiding unnecessary trump finesse,Intermediate,Do not risk contract on unneeded trump guess
60,Finesse themes,Losing finesse vs percentage play,Intermediate,Prefer better overall odds to a glamorous finesse
61,Suit establishment and development,Establishing a long suit in notrump,Beginner,Drive out stoppers to make length winners
62,Suit establishment and development,Giving up a trick to gain several tricks,Beginner,Lose a trick intentionally to build multiple winners
63,Suit establishment and development,Drive out an honor to set up a suit,Beginner,Knock out stopper or high card to run suit later
64,Suit establishment and development,Choosing which suit to establish,Intermediate,Select best development suit based on entries and blockers
65,Suit establishment and development,Establishing the longest suit,Beginner,Turn length into winners by force
66,Suit establishment and development,Establishing a side suit in a trump contract,Intermediate,Set up side-suit winners while managing trumps
67,Suit establishment and development,Knocking out the stopper,Beginner,Attack the suit that requires removal of one key honor
68,Suit establishment and development,Timing suit establishment before defenders cash winners,Intermediate,Develop suit before defense can run theirs
69,Suit establishment and development,Establishing a suit with limited entries,Intermediate,Plan unblock and transportation before forcing out honors
70,Suit establishment and development,Developing tricks in the short hand,Intermediate,Set up winners from the hand with fewer cards in suit
71,Suit establishment and development,Developing tricks in the long hand,Beginner,Use long side to create length tricks
72,Suit establishment and development,Suit establishment with unblock required,Intermediate,Release honors correctly to enjoy established cards
73,Suit establishment and development,Setting up a suit by force,Intermediate,Force defenders to give you length winners
74,Suit establishment and development,Choosing between finesse and establishment,Intermediate,Compare immediate finesse with longer development line
75,Suit establishment and development,Establishing a suit while maintaining communication,Intermediate,Keep entries while driving out stoppers
76,Suit establishment and development,When the defense can attack your entry suit,Intermediate,Anticipate and protect against entry destruction
77,Suit establishment and development,Establishing a suit before losing control,Intermediate,Develop tricks before defenders can run their suit
78,Suit establishment and development,Building a side suit through ruffing,Intermediate,Use ruffs to create winners in a side suit
79,Suit establishment and development,Length winners in notrump,Beginner,Promote extra tricks by exhausting defenders cards in a suit
80,Suit establishment and development,Length winners in suit contracts,Intermediate,Use a long side suit as discard source in a trump hand
81,Hold-up play and ducking,Hold up once in notrump,Beginner,Duck first round to cut communications or preserve stopper timing
82,Hold-up play and ducking,Hold up twice in notrump,Intermediate,Duck twice to isolate one defender or cut links
83,Hold-up play and ducking,Ducking to cut communications,Intermediate,Give up a trick now to stop defenders later
84,Hold-up play and ducking,Ducking to isolate one defender,Intermediate,Prevent dangerous hand from reentry to partner
85,Hold-up play and ducking,Ducking the first round of a suit,Beginner,Temporarily lose control to preserve eventual stopper position
86,Hold-up play and ducking,Recognizing when not to hold up,Intermediate,Win immediately when ducking costs too much tempo
87,Hold-up play and ducking,Hold-up play to sever defenders communication,Intermediate,Duck precisely enough to break defenders link
88,Hold-up play and ducking,Ducking in a suit contract,Intermediate,Give up trick while preserving trump control or timing
89,Hold-up play and ducking,Ducking to preserve control,Intermediate,Delay winning to avoid losing grip on hand
90,Hold-up play and ducking,Danger hand recognition,Intermediate,Identify which defender must not gain the lead
91,Hold-up play and ducking,Keeping the dangerous opponent off lead,Intermediate,Choose line that avoids losing to wrong defender
92,Hold-up play and ducking,Forcing the safe hand to win,Intermediate,Lose trick on purpose to safer defender
93,Hold-up play and ducking,Avoidance play,Intermediate,Shape play around keeping one opponent off lead
94,Hold-up play and ducking,Lead toward strength away from danger hand,Intermediate,Take finesse or line from safe side
95,Hold-up play and ducking,Play for the drop vs avoidance finesse,Advanced,Choose inferior raw odds to avoid dangerous defender
96,Trump basics,Drawing trumps immediately,Beginner,Pull enemy trumps before they can ruff your winners
97,Trump basics,Not drawing trumps too early,Beginner,Delay trump extraction when ruffs or side-suit setup come first
98,Trump basics,When to delay drawing trumps,Intermediate,Recognize positions where side-suit action precedes trump pull
99,Trump basics,Counting trumps,Beginner,Track enemy trump length throughout the play
100,Trump basics,Pulling the last trump,Beginner,Decide whether removing final trump is necessary
101,Trump basics,Leaving one trump outstanding intentionally,Intermediate,Keep one enemy trump out when timing favors other actions
102,Trump basics,Using trumps for control,Intermediate,Spend trumps to manage losing suits and retain command
103,Trump basics,Using trumps to prevent ruffs,Beginner,Draw trumps to kill defenders ruffing potential
104,Trump basics,Using trumps as entries,Intermediate,Preserve trump cards as transportation
105,Trump basics,Managing trump length between declarer and dummy,Intermediate,Choose correct hand for eventual control
106,Trump basics,Trumping losers in the short hand,Beginner,Ruff from the hand with fewer trumps for gain
107,Trump basics,Avoiding ruffing losers in the long hand,Beginner,Do not waste natural trump length on small ruffs
108,Trump basics,The long trump hand principle,Intermediate,Usually draw trumps and ruff losers in short hand
109,Trump basics,The short trump hand principle,Intermediate,Use shorter trump side for gainful ruffs
110,Trump basics,Crossruff basics,Intermediate,Take alternating ruffs instead of drawing trumps
111,Trump basics,When crossruffing beats drawing trumps,Intermediate,Choose ruffing plan when side winners are limited
112,Trump basics,When crossruffing is dangerous,Intermediate,Avoid crossruff when defenders can overruff or cash control
113,Trump basics,Trump promotion basics,Advanced,Create extra trump trick by forcing defender to ruff high
114,Trump basics,Forcing defense to ruff high,Advanced,Shorten defenders trumps or promote your own by force
115,Trump basics,Establishing trump control,Intermediate,Keep enough trumps to stop defenders from taking over
116,Trump basics,Trump extraction vs side-suit setup,Intermediate,Choose whether to draw trumps or work on side suit first
117,Trump basics,Using a trump coup idea at a simple level,Advanced,Shorten trumps to create later coup possibility
118,Ruffing and side-suit management,Ruffing losers in dummy,Beginner,Use dummy shortness to eliminate losers
119,Ruffing and side-suit management,Ruffing losers in hand,Intermediate,Ruff in declarer hand only when part of special plan
120,Ruffing and side-suit management,Setting up a ruff,Intermediate,Create position where loser can be ruffed later
121,Ruffing and side-suit management,Giving yourself a ruffing entry,Intermediate,Preserve or create access to take planned ruff
122,Ruffing and side-suit management,Ruffing before drawing trumps,Beginner,Take gainful ruff before enemy trumps are removed
123,Ruffing and side-suit management,High ruff vs low ruff,Intermediate,Choose cheapest safe trump for the ruff
124,Ruffing and side-suit management,Overruffing,Beginner,Ruff higher when opponent has already ruffed
125,Ruffing and side-suit management,Avoiding being overruffed,Intermediate,Manage trump length and timing to prevent losses
126,Ruffing and side-suit management,Ruff-sluff basics,Intermediate,Use defensive discard and ruff concession to lose one loser only
127,Ruffing and side-suit management,Ruffing to establish a suit,Intermediate,Ruff a suit to shorten defenders and create future winner
128,Ruffing and side-suit management,Ruffing the third round of a suit,Beginner,Use third round ruff after two natural plays
129,Ruffing and side-suit management,Dummy reversal basics,Advanced,Ruff in declarer hand while using dummy trumps for control
130,Ruffing and side-suit management,Ruffing to shorten trumps intentionally,Advanced,Reduce trump length to create end position or coup
131,Ruffing and side-suit management,Avoiding premature ruffs,Intermediate,Do not ruff before you know it gains
132,Ruffing and side-suit management,Using a side suit as a source of discards,Intermediate,Set up winners to pitch losers instead of ruffing them
133,Ruffing and side-suit management,Throwing losers on winners,Beginner,Discard loser on established side-suit winner
134,Ruffing and side-suit management,Loser-on-loser play,Intermediate,Dispose of one loser on another losing trick
135,Ruffing and side-suit management,Discarding from the right hand,Intermediate,Choose correct hand from which to pitch loser
136,Ruffing and side-suit management,Discard timing,Intermediate,Discard losers before entries or stoppers vanish
137,Loser handling in suit contracts,Count losers in a trump contract,Beginner,Identify total likely losers from top tricks and suit structure
138,Loser handling in suit contracts,Reduce losers by ruffing,Beginner,Plan gainful ruffs to eliminate losers
139,Loser handling in suit contracts,Reduce losers by discarding,Beginner,Use side winners to throw losers away
140,Loser handling in suit contracts,Reduce losers by establishing a side suit,Intermediate,Develop side suit for later loser disposal
141,Loser handling in suit contracts,Reduce losers by finesse,Intermediate,Use honor-position play to avoid one loser
142,Loser handling in suit contracts,Reduce losers by trumping in dummy,Beginner,Use short-hand ruffs to remove small losers
143,Loser handling in suit contracts,Combining chances to eliminate losers,Intermediate,Use multiple lines so contract succeeds if any works
144,Loser handling in suit contracts,Choosing which loser to attack first,Intermediate,Prioritize loser most urgent or easiest to solve
145,Loser handling in suit contracts,Eliminating a loser on a long suit,Intermediate,Build long-suit winner for a discard
146,Loser handling in suit contracts,Eliminating a loser via loser-on-loser,Intermediate,Throw one loser on another suit loser
147,Loser handling in suit contracts,Eliminating a loser via ruffing finesse,Advanced,Use ruffing finesse to dispose of a loser
148,Loser handling in suit contracts,Avoiding creating an extra loser,Beginner,Do not take line that opens new losing trick
149,Loser handling in suit contracts,Protecting against bad breaks while handling losers,Advanced,Choose safe line against unfavorable distribution
150,Loser handling in suit contracts,Timing loser disposal,Intermediate,Dispose of losers before defenders can attack
151,Notrump play themes,Count winners before taking tricks,Beginner,Plan from sure tricks at trick one
152,Notrump play themes,Identify the suit to develop,Beginner,Choose best target suit for extra tricks
153,Notrump play themes,Choose between immediate cashing and development,Beginner,Balance safety of current winners with need for more tricks
154,Notrump play themes,Preserve entries to the long suit,Beginner,Keep access to run established winners later
155,Notrump play themes,Hold up to cut communications,Intermediate,Duck opening lead strategically
156,Notrump play themes,Avoid the dangerous defender,Intermediate,Keep wrong opponent off lead in notrump
157,Notrump play themes,Knock out the stopper,Beginner,Force out key honor before running suit
158,Notrump play themes,Establish side suit with limited stoppers,Intermediate,Develop winners before defense runs their suit
159,Notrump play themes,Keep control of the hand,Intermediate,Do not let tempo slip away while developing
160,Notrump play themes,Use multiple suits for trick development,Intermediate,Combine more than one source of extra tricks
161,Notrump play themes,Play on the suit opponents helped establish,Intermediate,Exploit lead or switch that gifts tempo
162,Notrump play themes,Build tricks from length,Beginner,Use long suits for extra winners
163,Notrump play themes,Build tricks from honors,Beginner,Use finesse or force-out to create tricks from strength
164,Notrump play themes,Notrump end position planning,Advanced,Visualize endgame before cashing winners
165,Notrump play themes,Managing tempo in notrump,Intermediate,Use trick timing to stay ahead of defenders race
166,Notrump play themes,When to duck an opening lead,Beginner,Decide if hold-up gains more than immediate win
167,Notrump play themes,When to win immediately,Beginner,Take stopper at once when ducking is unsafe
168,Notrump play themes,Develop nine tricks before defense develops five,Intermediate,Win the race in game contracts
169,Notrump play themes,Using clues from opening lead,Intermediate,Infer honor location and shape from first card
170,Notrump play themes,Balancing safety vs aggression in notrump,Intermediate,Choose line based on contract urgency and danger
171,Combination plays and percentage play,Finesse or play for the drop,Intermediate,Compare honor location odds with split odds
172,Combination plays and percentage play,Combining a finesse with a ruff,Advanced,Use both suit-position and ruffing chances
173,Combination plays and percentage play,Combining two finesses,Advanced,Sequence finesses to maximize overall chance
174,Combination plays and percentage play,Finesse plus length,Intermediate,Use one finesse as backup to establishment line
175,Combination plays and percentage play,Drop plus ruff,Intermediate,Play for honor to fall but keep ruff fallback
176,Combination plays and percentage play,Cash first then finesse,Intermediate,Take line that gathers information before guessing
177,Combination plays and percentage play,Finesse first then fallback line,Intermediate,Try finesse before resorting to lower-value plan
178,Combination plays and percentage play,Play for split honors,Advanced,Assume missing honors divide between defenders
179,Combination plays and percentage play,Percentage line with missing queen,Intermediate,Choose line with best odds for queen location or drop
180,Combination plays and percentage play,Percentage line with missing king,Intermediate,Choose line with best odds for missing king
181,Combination plays and percentage play,Restricted choice,Advanced,Use appearance of one honor to revise odds for the other
182,Combination plays and percentage play,Missing queen-doubleton decisions,Advanced,Handle suit based on odds of short queen
183,Combination plays and percentage play,Missing jack-ten combinations,Advanced,Apply suit-combination percentages to intermediates
184,Combination plays and percentage play,Combining chances in trump suit,Advanced,Use multiple trump lines to safeguard contract
185,Combination plays and percentage play,Combining chances in side suit,Intermediate,Blend lines in side suit for best aggregate chance
186,Combination plays and percentage play,Avoiding low-percentage brilliance,Intermediate,Prefer sound line over flashy but unlikely play
187,Combination plays and percentage play,Choose line based on contract needs,Intermediate,Take safer line if only one extra trick needed
188,Combination plays and percentage play,Take safest line for contract,Beginner,Prioritize making contract over extra gain
189,Combination plays and percentage play,Take best line for overtrick,Intermediate,Accept added risk when contract is already secure
190,Combination plays and percentage play,Play for the field vs matchpoint overtrick,Advanced,Adjust choice for scoring format and field tendencies
191,Safety plays,Basic safety play in one suit,Intermediate,Make line that guards against bad split at small cost
192,Safety plays,Give up an extra chance to guard against bad break,Intermediate,Accept lower ceiling to preserve contract
193,Safety plays,Safety play to protect contract,Intermediate,Choose line whose goal is certainty not overtricks
194,Safety plays,Safety play in trumps,Advanced,Handle trump suit to protect against dangerous layout
195,Safety plays,Safety play against dangerous break,Advanced,Guard specifically against bad distribution
196,Safety plays,Safety play with missing queen,Advanced,Use restricted line to avoid disaster
197,Safety plays,Safety play with missing honor doubleton,Advanced,Play suit to survive awkward honor location
198,Safety plays,Preserve communication while making safety play,Advanced,Combine safe line with entry management
199,Safety plays,Difference between percentage play and safety play,Intermediate,Understand best average line versus best contract-protection line
200,Safety plays,When safety play costs an overtrick,Intermediate,Know when to sacrifice upside for security
201,Endplay and elimination basics,Eliminate side suits,Advanced,Strip all exit cards before throwing defender in
202,Endplay and elimination basics,Throw defender in,Advanced,Concede trick to force helpful return
203,Endplay and elimination basics,Endplay to force lead away from honor,Advanced,Put defender on lead so they lead into your tenace
204,Endplay and elimination basics,Endplay to concede ruff-and-discard,Advanced,Force defender to give ruff and sluff
205,Endplay and elimination basics,Simple strip and endplay,Advanced,Remove side suits then exit to defender
206,Endplay and elimination basics,Rectify the count for an endplay,Advanced,Lose necessary trick before executing endplay
207,Endplay and elimination basics,Identify endplay position early,Advanced,Spot throw-in possibility before cashing wrong cards
208,Endplay and elimination basics,Create the endplay by ducking,Advanced,Duck earlier trick to place lead later
209,Endplay and elimination basics,Create the endplay by removing exits,Advanced,Strip defenders safe cards before exit
210,Endplay and elimination basics,Throw-in with trump still out,Advanced,Manage endplay despite remaining trump complication
211,Endplay and elimination basics,Trump endplay basics,Advanced,Use trumps as part of throw-in or forced return
212,Endplay and elimination basics,Avoidance plus endplay,Advanced,Keep dangerous hand off lead while engineering throw-in
213,Endplay and elimination basics,Exit card management,Advanced,Preserve the right small card for throw-in
214,Endplay and elimination basics,Duck to place the lead,Advanced,Lose trick intentionally to desired defender
215,Endplay and elimination basics,Throw-in to solve a guess,Advanced,Use endplay to avoid finesse guess yourself
216,Squeeze foundations,Recognizing squeeze potential,Advanced,Notice one defender may be guarding too much
217,Squeeze foundations,Count winners for squeeze position,Advanced,See if one loser and full winners create squeeze chance
218,Squeeze foundations,Rectify the count,Advanced,Lose a trick before running squeeze winners
219,Squeeze foundations,Cash winners in proper order,Advanced,Preserve threats and entries while squeezing
220,Squeeze foundations,Simple squeeze against one defender,Advanced,Force one defender to abandon a guarded suit
221,Squeeze foundations,Positional squeeze basics,Advanced,Squeeze works only against one specific defender
222,Squeeze foundations,Automatic squeeze basics,Advanced,Either defender is squeezed by universal position
223,Squeeze foundations,Squeeze against a defender guarding two suits,Advanced,Attack one defender overloaded with guards
224,Squeeze foundations,Entry management for squeeze,Advanced,Keep access to cash squeeze card and enjoy threat
225,Squeeze foundations,Avoid blocking before squeeze,Advanced,Do not strand threat suit before squeeze card is played
226,Squeeze foundations,Strip squeeze basics,Advanced,Combine elimination with squeeze pressure
227,Squeeze foundations,Squeeze to produce an endplay,Advanced,Use squeeze discard to create throw-in
228,Squeeze foundations,Double squeeze introduction,Advanced,Pressure both defenders in different suits
229,Squeeze foundations,Threat cards and menace basics,Advanced,Identify threat suits and entry requirements
230,Squeeze foundations,Recognizing when a squeeze is impossible,Advanced,Avoid chasing squeeze with missing prerequisites
231,Trump coups and advanced trump technique,Uppercut or trump promotion,Advanced,Force opponent to ruff high and promote your trump
232,Trump coups and advanced trump technique,Force and promotion,Advanced,Repeated forcing to create extra trump winner
233,Trump coups and advanced trump technique,Simple trump coup,Advanced,Reduce trumps to equal length then force defender to lead
234,Trump coups and advanced trump technique,Shortening trumps for trump coup,Advanced,Ruff losers to prepare coup ending
235,Trump coups and advanced trump technique,Reduce to equal trump length,Advanced,Match defenders trump length before coup
236,Trump coups and advanced trump technique,Overruff trap,Advanced,Set position where defender must ruff and you overruff profitably
237,Trump coups and advanced trump technique,Force defender to overruff,Advanced,Engineer forced high ruff to gain later
238,Trump coups and advanced trump technique,Promotion through repeated forcing,Advanced,Promote trumps by making defenders ruff multiple times
239,Trump coups and advanced trump technique,Crossruff vs trump coup decision,Advanced,Choose between immediate ruffs and coup preparation
240,Trump coups and advanced trump technique,Entry timing in trump end positions,Advanced,Preserve exact entries for advanced trump ending
241,Dummy reversal,Basic dummy reversal,Advanced,Use declarer shortness for ruffs and dummy long trumps for control
242,Dummy reversal,Ruff losers in hand instead of dummy,Advanced,Reverse normal plan to gain extra tricks
243,Dummy reversal,Shorten hand trumps intentionally,Advanced,Ruff in hand to prepare reversal or coup
244,Dummy reversal,Use dummy's long trumps for control,Advanced,Draw or control with dummy after declarer ruffs
245,Dummy reversal,Count trump length for reversal,Advanced,Verify reversal remains safe against outstanding trumps
246,Dummy reversal,When dummy reversal is superior to normal play,Advanced,Spot hands where standard draw-trumps loses
247,Dummy reversal,Entry planning in dummy reversal,Advanced,Keep routes to dummy while shortening declarer
248,Dummy reversal,Avoid over-shortening the wrong hand,Advanced,Do not lose control by excessive ruffing
249,Defensive themes,Third hand high,Beginner,As third defender usually win partner lead cheaply and clearly
250,Defensive themes,Second hand low,Beginner,As second defender often play low smoothly
251,Defensive themes,Cover an honor with an honor,Beginner,Use standard cover principle when it promotes partner or removes entry
252,Defensive themes,When not to cover an honor,Intermediate,Recognize exceptions to automatic cover
253,Defensive themes,Opening lead from sequences,Beginner,Lead top of touching honors
254,Defensive themes,Opening lead from broken honors,Intermediate,Choose active lead from imperfect sequence
255,Defensive themes,Passive opening lead,Intermediate,Avoid giving declarer tempo or tricks
256,Defensive themes,Aggressive opening lead,Intermediate,Attack when setting tricks quickly matters
257,Defensive themes,Lead through strength,Intermediate,Attack declarer honors from one side
258,Defensive themes,Lead up to weakness,Intermediate,Lead toward weak visible holding in dummy or inferred hand
259,Defensive themes,Attacking notrump,Intermediate,Lead and continue suit to cash length tricks
260,Defensive themes,Leading against suit contracts,Beginner,Choose between trump lead passive lead or attacking lead
261,Defensive themes,Singleton opening lead,Intermediate,Lead singleton aiming for ruff
262,Defensive themes,Doubleton opening lead,Intermediate,Lead from doubleton for possible ruff or count
263,Defensive themes,Top of sequence lead,Beginner,Standard lead from touching honors
264,Defensive themes,Fourth-best lead,Intermediate,Lead fourth-best from length against notrump
265,Defensive themes,Attitude signals,Intermediate,Encourage or discourage partner continuation
266,Defensive themes,Count signals,Intermediate,Show parity to partner
267,Defensive themes,Suit preference signals,Advanced,Indicate side-suit interest by card choice
268,Defensive themes,Returning partner's suit,Beginner,Continue or return partner suit when indicated
269,Defensive themes,Switching to the killing suit,Intermediate,Find correct switch that defeats contract
270,Defensive themes,Forcing declarer,Intermediate,Lead side suit repeatedly to shorten declarer trumps
271,Defensive themes,Promoting partner's trump trick,Advanced,Use force to create extra trump winner
272,Defensive themes,Holding up an ace on defense,Advanced,Duck ace to cut declarer communication or preserve partner
273,Defensive themes,Duck defense to cut declarer's communication,Advanced,Withhold winner strategically
274,Defensive themes,Defensive counting,Intermediate,Place declarer shape and tricks accurately
275,Defensive themes,Placing declarer's shape,Intermediate,Infer distribution from bidding and early play
276,Defensive themes,Defending finesses,Intermediate,Choose smooth or cover play versus declarer guess
277,Defensive themes,Avoid helping declarer establish a suit,Intermediate,Exit safely instead of breaking suit for declarer
278,Defensive themes,Exit safely on defense,Advanced,Return card that does not concede tempo or finesse
279,Defensive themes,Endplay defense,Advanced,Avoid being thrown in or choose right discard
280,Defensive themes,Breaking up squeezes,Advanced,Unblock or discard correctly to defeat squeeze
281,Defensive themes,Discarding safely,Intermediate,Pitch cards without surrendering guards or tempo
282,Defensive themes,Falsecarding basics,Advanced,Deceive declarer without harming partner
283,Defensive themes,Defensive unblock,Advanced,Release honor or spot to keep suit running
284,Defensive themes,Lead-directing inferences from bidding,Intermediate,Use auction clues to choose defense plan
285,Opening lead themes,Lead top of sequence,Beginner,Standard attacking lead from touching honors
286,Opening lead themes,Lead fourth best,Intermediate,Standard notrump lead from long suit
287,Opening lead themes,Lead from touching honors,Beginner,Choose top honor lead from sequence
288,Opening lead themes,Lead from interior sequence,Intermediate,Use correct card from broken interior honor holding
289,Opening lead themes,Lead from unsupported ace,Intermediate,Know when ace lead is right or wrong
290,Opening lead themes,Lead from unsupported king,Intermediate,Evaluate risky king lead positions
291,Opening lead themes,Lead a singleton,Intermediate,Attack for ruff in suit contract
292,Opening lead themes,Lead trumps,Intermediate,Kill declarer ruffing plan with trump lead
293,Opening lead themes,Avoid underleading an ace in suit contracts,Beginner,Follow standard safety principle in suit defense
294,Opening lead themes,Lead partner's suit,Beginner,Trust partner suit when auction suggests strength
295,Opening lead themes,Lead unbid suit,Beginner,Attack untouched suit by default
296,Opening lead themes,Lead through strength,Intermediate,Choose lead attacking declarer likely honors
297,Opening lead themes,Lead up to weakness,Intermediate,Choose lead toward weak holding rather than through strength
298,Opening lead themes,Passive lead against slam,Intermediate,Avoid giving away trick against high-level contract
299,Opening lead themes,Attacking lead against game,Intermediate,Seek active lead that sets up quick winners
300,Opening lead themes,Choosing between active and passive leads,Intermediate,Balance risk and urgency at trick one
301,Declarer play by contract type,Partscore play,Beginner,Adjust risk and tempo in lower-level contracts
302,Declarer play by contract type,Game contract planning,Beginner,Prioritize making vulnerable game
303,Declarer play by contract type,Small slam technique,Advanced,Plan for 12 tricks with precise timing and safety
304,Declarer play by contract type,Grand slam technique,Advanced,Handle 13-trick contracts with no margin
305,Declarer play by contract type,Notrump partscore,Beginner,Develop just enough tricks in notrump partial
306,Declarer play by contract type,Notrump game,Intermediate,Win race to nine tricks with full planning
307,Declarer play by contract type,Major-suit game,Intermediate,Combine loser handling and trump control in game
308,Declarer play by contract type,Minor-suit game,Intermediate,Use side suits and length in minor-suit contracts
309,Declarer play by contract type,Slam in trumps,Advanced,Use control and loser elimination in high suit contracts
310,Declarer play by contract type,Slam in notrump,Advanced,Focus on precise entries and combined chances
311,Suit combination themes,AK opposite small,Beginner,Handle basic force-out or cashing suit combination
312,Suit combination themes,AQ opposite small,Beginner,Decide whether to finesse or play for drop
313,Suit combination themes,KQ opposite small,Intermediate,Manage entry and lead direction without ace
314,Suit combination themes,AJ opposite small,Intermediate,Standard finesse and fallback issues
315,Suit combination themes,KJ opposite small,Intermediate,Infer whether to finesse or duck
316,Suit combination themes,QJ opposite small,Intermediate,Handle intermediate honor combination efficiently
317,Suit combination themes,AQJ opposite small,Intermediate,Choose suit line with one high card missing
318,Suit combination themes,KQJ opposite small,Intermediate,Manage missing ace or spots around strong sequence
319,Suit combination themes,AJ10 opposite small,Intermediate,Use touching intermediates to maximize tricks
320,Suit combination themes,KJ10 opposite small,Advanced,Handle three-card tenace combinations accurately
321,Suit combination themes,QJ10 opposite small,Advanced,Use intermediate spots to gain extra tricks
322,Suit combination themes,AQ opposite Jxx,Intermediate,Combine finesse and unblock considerations
323,Suit combination themes,KQ opposite Jxx,Advanced,Manage blocked honors and missing ace
324,Suit combination themes,AQJ opposite xxx,Intermediate,Play suit for maximum expected tricks
325,Suit combination themes,KQJ opposite xxx,Advanced,Handle suit without ace and with length
326,Suit combination themes,AK10 opposite xxx,Intermediate,Use entries and intermediate cards correctly
327,Suit combination themes,Axxx opposite QJx,Advanced,Choose direction and timing of finesse from long holding
328,Suit combination themes,Axxx opposite KJx,Advanced,Complex honor-combination handling with two potential lines
329,Suit combination themes,Axxx opposite Q10x,Advanced,Use spot cards and restricted choices in suit play
330,Suit combination themes,Kxxx opposite QJx,Advanced,Manage missing ace and direction-sensitive play
331,Suit combination themes,Axx opposite Q10xx,Advanced,Handle five-card opposite three-card combination
332,Suit combination themes,Axx opposite J10xx,Advanced,Use combination play for intermediate honors
333,Suit combination themes,Kxx opposite J10xx,Advanced,Manage missing ace queen with length and spots
334,Suit combination themes,Handling a 9-card fit missing the queen,Intermediate,Choose best trump line with one key honor absent
335,Suit combination themes,Handling an 8-card fit missing the queen,Advanced,Adjust trump line for weaker fit size
336,Suit combination themes,Handling a 9-card fit missing the king,Intermediate,Handle trump fit when king is absent
337,Suit combination themes,Handling a 9-card fit missing KJ,Advanced,Apply combination percentages with two missing honors
338,Suit combination themes,Handling a 9-card fit missing QJ,Advanced,Choose line with two lower missing honors
339,Suit combination themes,Handling a 10-card fit with one honor missing,Intermediate,Use extra trump length to simplify play
340,Suit combination themes,Restricted choice in suit combinations,Advanced,Apply restricted choice within pure suit problems
341,Bidding-play connection themes,Using the auction to place the queen,Intermediate,Infer queen location from bidding and actions
342,Bidding-play connection themes,Using the auction to locate length,Intermediate,Infer long suits from overcalls openings or preempts
343,Bidding-play connection themes,Inferring shortness from bidding,Intermediate,Use raises and suit bids to place short suits
344,Bidding-play connection themes,Planning from the opening lead plus auction,Intermediate,Combine all preplay information into one plan
345,Bidding-play connection themes,Lead-directed inferences,Intermediate,Use opening lead style to infer missing honors or count
346,Bidding-play connection themes,Choosing line based on overcaller's likely shape,Intermediate,Adjust line to known enemy distribution
347,Bidding-play connection themes,Playing partner-less bridge hands from bidding clues,Intermediate,Use full-table information to replace missing partner discussion
348,Bidding-play connection themes,Using preemptive auction info,Intermediate,Place length and honors from preemptive bid
349,Bidding-play connection themes,Using no-trump opening ranges,Intermediate,Infer high-card location from no-trump bids
350,Bidding-play connection themes,Using takeout double implications,Intermediate,Infer shortness and support from takeout action
351,Error-prevention themes,Don't block your own winners,Beginner,Play honors in order that keeps suit open
352,Error-prevention themes,Don't cash the wrong winner first,Beginner,Choose correct early cashing sequence
353,Error-prevention themes,Don't draw trumps too soon,Beginner,Take needed ruffs or side-suit actions first
354,Error-prevention themes,Don't postpone drawing trumps too long,Beginner,Remove enemy trumps before they cause damage
355,Error-prevention themes,Don't waste entries,Beginner,Save transportation cards for important later use
356,Error-prevention themes,Don't finesse when you have enough tricks,Beginner,Choose certainty over unnecessary risk
357,Error-prevention themes,Don't attack the wrong suit,Beginner,Select suit that actually produces contract
358,Error-prevention themes,Don't ignore a side loser,Beginner,Notice danger outside trump suit
359,Error-prevention themes,Don't lose trump control,Intermediate,Retain enough trumps to manage hand safely
360,Error-prevention themes,Don't help the defense set up their suit,Intermediate,Avoid handing tempo to defenders attack
361,Error-prevention themes,Don't let the dangerous hand in,Intermediate,Preserve avoidance discipline
362,Error-prevention themes,Don't forget to count trumps,Beginner,Track enemy trumps continuously
363,Error-prevention themes,Don't forget to count the hand,Beginner,Base play on counting not guesswork
364,Error-prevention themes,Don't throw away a stopper,Intermediate,Keep control card needed later in notrump
365,Error-prevention themes,Don't strand established winners,Intermediate,Preserve entry to cash the tricks you built
366,Error-prevention themes,Don't take a line that can never gain,Intermediate,Avoid pseudo-clever plays with no upside
367,Error-prevention themes,Don't assume favorable breaks,Intermediate,Plan for normal and bad distributions
368,Error-prevention themes,Don't use the last entry too early,Intermediate,Save final communication until necessary
369,Error-prevention themes,Don't miss a safety play,Intermediate,Recognize contract-protecting line
370,Error-prevention themes,Don't rush before making a plan,Beginner,Pause and choose line before playing from dummy